label,content
1,học nghề nấu ăn ở hướng nghiệp á âu ổn không mọi người ơi ai học rồi cho em xin ít review
0,mọi người cho em hỏi trường đại học ngoại thương tuyển thẳng những nghành nào ạ
0,e đang định vô đại học công nghiệp tp hcm anh chị cho em xin ý kiến cảm ơn ạ
0,có ai đã và đang đi du học không ạ cho em hỏi một vài vấn đề với ạ
0,mọi người ơi cho em hỏi trong đơn đăng kí nếu mình ghi thi khối c03 vào ngành công an nhưng thi xong có được đổi nguyện vọng sang trường hutech đã đỗ nhờ vào xét học bạ được không ạ
0,mọi người ơi bây giờ còn trường công lập nào xét học bạ ngành điều dưỡng không ạ
0,mọi người cho em hỏi nếu em thi tốt nghiệp trong nam rồi đến lúc chỉnh sửa nguyện vọng em đăng kí thêm một trường ở hn và ra đó học thì có được không ạ em xin cảm ơn mọi người trước
0,chào mọi người em năm sau 12 ạ hiện tại em vẫn chưa định hướng được ngành để học em dự định học khối a00 tiếng anh em học không được tốt cho lắm dưới là những điều giống với tính cách em 85 mong mọi người tư vấn giúp em ạ
0,có achi nào có sách ôn cơ bản đến nâng cao như này không ạ
0,nên chọn luật hay dược thì đầu ra tốt hơn ạ
0,nên học khoa liên kết nước ngoài của đại học ngoại thương hay đại học quốc tế đhqghcm ạ
0,em không thi đại học chỉ thi tốt nghiệp mong muốn sau thi có được một công việc phù hợp mong các anh chị cô chú tư vấn đc không ạ em có khả năng ăn nói và thích kinh doanh
0,em thích buôn bán khá khéo ăn nói nên chọn ngành nào đây mọi người cho em xin ý kiến với ạ
0,rớt đại học học nghề tóc ổn không cả nhà
0,ngành nào phù hợp với nữ hơn và có đầu ra tốt hơn ạ
0,giữa quản trị khách sạn và quản trị nhân sự thì nên chọn cái nào ạ
1,em đang phân vân giữa tài chính ngân hàng và công nghệ thực phẩm anh chị cho em lời khuyên với ạ
0,mọi người cho em hỏi chút ạ quản trị khách sạn nên học đại học hay cao đẳng ạ và đại học thì trường nào giảng dạy tốt cao đẳng thì trường nào giảng dạy tốt em ở miền bắc ạ
0,cho mình hỏi nếu như mình chọn tổ hợp xã hội để thi tốt nghiệp nhưng ngành mình chọn học lại xét khối a vậy được không ạ
0,mọi người cho em hỏi em thích hoá nhưng em học không quá giỏi hoá không học chuyên thì học sư phạm hoá có ổn không ạ
0,anh chị cho em hỏi có thể liên thông trái ngành được không ạ và chuyển ngành thì mất bao nhiêu năm
0,giữa trường đại học tài chính marketing và đại học tôn đức thắng em nên học trường nào ạ ngành em dự định học là tài chính ngân hàng hoặc kinh doanh quốc tế ạ mong anh chị tư vấn giúp em
0,anh chị cho em hỏi được không em học khá khối a thì nên học ngành nào và học trường nào thì tốt ạ em ở miền trung
1,mọi ngừoi cho em xin chút reivew về trường saigon tourist ngành quản trị khách sạn với bếp bánh với ạ
1,mọi người ơi có em xin ít ý kiến ạ 2 ngành này 1 điều dưỡng 2 nhân sự
1,ngành quản trị khách sạn anh chị nào học rồi cho em chút ý kiến với em cảm ơn ạ
0,em chào mọi người ạ hiện tại em đang phân vân giữa 2 trường văn lang và hoa sen ạ em phân vân ngành quản trị sự kiện và ngành quản trị khách sạn của 2 trường này ạ anh chị có ai đang học 2 trường này tư vấn cho em với ạ em cảm ơn
1,anh chị nào từng học liên kết quốc tế của tmu cho em xin review với ạ
0,ngôn ngữ trung nên học trường nào đào tạo tốt mà xét học bạ ạ mà học phí thì không quá 30 đến 40tr năm ạ
0,mọi người ơi tư vấn giúp em vớihiện tại em đang phân vân giữa khối a và khối dem học được môn văn và hóamôn toán thì em học bình thường anh thì em bị mất gốc không bk lấy gốc sao lun nên em nản
0,mọi người ơi tư vấn giúp em ms ạ em 2003 lúc trước em địnhkhông bên xh chọn trường ngành hết rồi nhưng bố mẹ bảo ngành đấy ra khó xin việc bây h hướng em sáng tự nhiên bên tự nhiện em học lực tầm 70 còn 1 năm nữa liệu còn kịp để đủ tầm 20 điểm bên tự nhiên không ạ cần ắm lời khuyên trân thành từ mọi người
1,chào mọi người ạ em đang phân vân không biết giữa kinh doanh quốc tế và quản trị nhân lực nên học ngành nào ạ
1,em đang phân vân giữa 2 nghề thiết kế đồ họa và thiết kế nội thất không biết nghề nào tốt hơn và có tương lai hơn ạ
0,cho em hỏi có trường nào đào tạo ngành quản trị khách sạn học phí thấp kh ạ
1,cho em hỏi ai đã từng hoặc đang học quản trị kinh doanh hoặc marketing thì giúp em tư vẫn chút được không ạ
1,mọi người ơi em hoang mang quá không biết là nên học ngành kế toán hay ngôn ngữ anh nhỉ ngành nào tốt hơn cơ hội việc làm ra sao
0,con chào mọi người ạ con 16 con muốn học nghề nhưng giời con không bt nghề gì ạ mong mọi người tư vấm cho con mới ạ
0,em đang có ý định học truyền thông đa phương tiện thì nên học trường nào ạ
1,xin chào mọi người anh chị nào học công nghệ thông tin hay về kỹ thuật phần mềm cho em xin chút review đi ạ em cảm ơn
0,mọi người cho hỏi ngành truyền thông đa phương tiện của thăng long và công nghệ đa phương tiện của bưu chính có khác nhau nhiều không ạ
0,em tính học trường cao đẳng ngành tiếng nhật các a chị cho em chút nhận xét về ngành này với 1 số trường tại hà nội được không ạ em cảm ơn
0,học cơ khi nên chọn đại học hay cao đẳng z trường nào đào tạo ok ngành này z cho em xin ít thông tin
1,em năm nay lên 12 đang phân vân giữa ngành maketing và logistics em học có ổn không và dễ kiếm việc làm không ạ
0,em đã chọn ra được 3 ngành nghề quản trị kinh doanh ngân hàng marketing
0,em đang quan tâm đến ngành marketing nhưng gia đình em lại định hướng cho em vào lục quân 2
0,anh chị cho em xin ít review về các trường đào tạo marketing ở miền bắc với ạ
1,em theo ngành marketing thì có ổn không ạ
0,mọi ng ơi cho em xin review về đại học gia định với ạ em thấy trường khá mới cho mình xin reivew về chất lượng đào tạo của trường với ạ với trường không quá hot thì bằng cấp có bị hạn chế gì so với các bạn trường khác không ạ
1,cho em xin ý kiến về ngành marketing đi ạ
1,em đang có ý định học cđ tiếng hàn thương mại anh chị cho em xin ý kiến về ngành này ạ
0,các anh chị đi trước có thể tư vấn giúp em khi trường đại học khoa học xã hội và nhân văn tphcm ngành văn học và ngôn ngữ của trường em muốn biết thêm nhiều hơn về ngành này và liệu sau này ra trường em có thể xin việc làm ở đâu được ạ
1,anh chij nào đang học quản trị khách sạn ở ueh review về ngành và chương trình học ở trường giúp em với ạ
0,hutech với kinh công mọi người cho em xin ít review với ạ em muốn học công nghệ thông tin thì học trường nào hơn ạ
0,chào mọi người em sinh năm 2003 em đang định hướng đi ngành du lịch mà hiện nay tình trạng covid đang diễn biến phức tạp thì có nên theo đuổi tiếp ngành ấy không ạ cho em xin chút ý kiến em cảm ơn
0,chào mọi người em sinh năm 2004 đang có định hướng ở ngành quản lí nhà nước và quản trị kinh doanh ạ mong anh chị đi trước có kinh nghiệm tư vấn và chỉ dẫn cho em với ạ em chân thành cảm ơn
0,cần anh chị tư vấn cho em với ạ em 2003 đang theo khối d em muốn học marketing thì nên học trường nào tại hn ạ
0,mọi người ơi cho em hỏi em học kém tiếng anh mà muốn học tiếng hàn thì liệu có ổn không ạ em sợ mk không có năng khiếukhông ngoại ngữ ạ mọi người tư vấn giúp em với
0,các anh chị cho em hỏi chút ạ học quản trị khách sạn ở miền bắc thì trường nào tốt và được đi thực hành nhiều ạ
0,dạ em chào mọi người em 2004 em đang chuẩn bị hướng nghiệp cho bản thân em định theo marketing hoặc quản trị kinh doanh ai từng hok qua những ngành này rồi thì có thể tư vấn cho em được không ai em xin chân thành cảm ơn
0,em chào mọi người em năm nay lên lớp 12 nhưng bản thân em vẫn chưa tìm ra được ngành nghề yêu thích của mình em là một người hướng nội giao tiếp kém thực sự ít chủ động với người lạ lắm em trầm tính ít nói em cũng muốn thay đổi bản thân để dễ dàng chọn ngành nghề hơn nhưng thực sự rất khó đối với em vậy cho em xin ý kiến về các ngành nghề hợp với em ạ em theo ban d em có ý định học kế toán và  ngôn ngữ a toán anh em đều học mức khá thôi nhưng điểm trên lớp vẫn tr
0,em 2003 ạ em muốn chọn khối d1 nhưng toán văn thì trung bình khá còn tiếng anh thì biết gần hết mấy cái cơ bản và một ít nang cao vậy em vào ngành  ngôn ngữ anh có hợp lí không ạ mong mọi ngườig tư vấn cho em ạ
0,cho em hỏi là xét học bạ đậu trường yêu cầu nộp bản sao giấy chứng nhận tốt nghiệp vậy khi mình nộp rồi thì nếu thi xét đại học đậu được nv nào đó mình bỏ trường xét học bạ được không ạ hay là đã nộp rồi là bắt buộc học ạ
0,chào anh chị em 17t em đang phân vân không biết nên chọn học quản trị khách sạn marketing hay hàn quốc học đây ạ 3 ngành em đều thích
1,mọi người ai học ngành thương mại điện tử rồi cho em xin tí review ạ
0,anh chị nào đg học ở đại học ktcn cần thơ hay biết nhiều về trường cho em hỏi xác nhận thủ tục sau sơ tuyển lại phải đóng học phí trước ạ phải đóng trước ngày 5 8 tức là chưa thi thptqg vậy thì có cách nào để xin dời ngày đóng học phí lại không ạ
0,chào mọi ngườig em 2002 năm nay thi đại học ạ em học khối d và đang được hướng đi theo ngành sư phạm cụ thể là sư phạm anh nhưng không muốn theo vì không có hứng thú với ngành này ạ và trình độ tiếng anh cũng khá là bình thường điểm trung bình 3 môn toán văn anh của em cũng chỉ được tầm từ 18 22 điểm bản thân em thì không phù hợp làm việc với những con số là người hướng nội không giỏi ăn nói ạ em thích làm những công việc liên quan đến văn phòng năng động 1 chút ạ
0,e rất cần lắm 1 anh chị giúp tư vấn nghề nghiệp cho một đứa thiếu định hướng tương lai như em ạ em cám ơn
0,em năm nay 17 tuổi vừa học xong lớp 11 ở khu vực miền bắc ạ em thực sự thích ngành bên an ninh quân sự mà kiến thức về các ngành của em thực sự không có tra google cũng chỉ ra các ngành trinh sát nếu em muốn làm bên dân sự thì thi cái gì ạ em đang học khối d01 và em muốn thi đỗ thì ước tính phải đạt bao nhiêu điểm ạ nếu như không đủ khả năng thì em sẽ tìm một nguyện vọng khác phù hợp hơn em cao 1m60 5200g ạ cảm ơn mọi người trước ạ
1,anh chị có thể review một chút về cơ hội việc làm của ngành logistic được không ạ
0,e muốn học quản trị nhân lực thì nên học trường nào ạ mức học của em ở mức khá
1,mọi người ai học ngành logistics và quản lý chuỗi cung ứng rồicho em xin ít reviem ạem cảm ơn nhiều ạ
0,dạ cho em hỏi em là 2003 em thuộc nhóm người infp ạ em có định hướng học về ngành y với tâm lí học em phân vân giữa điều dưỡng bác sĩ và bác sĩ tâm lí em đọc rất nhiều trên mạng thì ngành điều dưỡng ở việt nam hiện nay tuy thiếu nhân lực nhưng lại bị xem như người giúp việc cho bác sĩ làm việc rất nhiều còn về ngành bác sĩ thì em thấy đa số là thi khối b00 nhưng em lại giỏi khối a00 hơn đối với nghề bác sĩ tâm lí thì em chưa có nhiều thông tin về công việc mức lươn
0,cho em hỏi học cao đẳng y dược pasteur ngành điều dưỡng có ổn không ạ sau này liên thông lên đại học có dễ vào làm việc ở các bệnh viện không ạ em không học trường tư vì học phí khá cao ạ
0,em năm nay là nam 2001đã từng học 1 năm ở 1 trường đại học và hè em dự định theo học 1 trường đại học mới thì em có được tiếp tục hoãn nghĩa vụ quân sự không ạ mong anh chị nào đã từng học 2 trường hay anh chị nào biết giúp em với
0,cho em hỏi em muốn học điều dưỡng em muốn học ở đbscl em nên chọn trường nào ạ
1,có nên học việt nam học chuyên ngành văn hoá du lịch chất lượng cao không ạ
0,em sinh năm 2003 học khối c00 có đam mê mãnh liệt về mảng nghiên cứu lịch sử chính trị văn hóa bản sắc của các quốc gia em đang phân vân giữa 3 ngành này mọi người giúp em chọn ngành có cơ hội việc làm cao thu nhập ổn với ạ em xin cám ơn
1,mọi người cho em hỏi học địa lý học bên địa lý du lịch thì ra lm gì ạ
0,em học khối d với khxh mà em lại muốn thi đại học kinh tế quốc dân với tài chính ngân hàng em đang mung lung kbiet nên chọn ngành nào mọi người giúp em với ạ huhu
0,chào mọi người em 2004 đang muốn hướng nghiệp ạem muốn làm đầu bếp ở nước ngoài hoặc làm bếp trưởng điều hành thì nên học ngành và đại học nào ạ em ở miền nam mong được nhận hồi đáp của mọi người em cảm ơn ạ
0,hội thảo trực tuyến trò truyện cùng chuyên gia cơ hội và thách thức của sinh viên ngành quản trị khách sạn
1,anh chị nào hc qua cơ khí rồi cho em ý kiến với kinh nghiệm nữa
0,mọi người cho mình hỏi là công việc như trong clip thì cần học ngành gì ạ và mình không có kinh nghiêm thì có thể xin phụ giúp làm không vì mình coi nhiều clip như này thấy khá thích ạcre douyin
0,dạ em đang phân vân giữa việc lựa chọn ngành ngôn ngữ anh và ngôn ngữ pháp ạ
1,anh chị cho em hỏi là học ngôn ngữ anh ở đại học công ngiệp tphcm có ổn không ạ
0,anh chị cho em hỏi về ngành quản trị kinh doanh ạ ở tp hcm thì nên chọn trường nào ạ
0,mọi người có thể review giúp em trường doanh nhân ceo việt nam được không ạ đặc biệt về học phí cơ sở vật chất em cảm ơn nhiều
0,bạn nào cảm thấy cầm tư vấn về một số nhóm ngành sau thì có thể cmt a sẽ góp ý cho nhé 1 nhóm ngành y dược2 nhóm quân đội công an3 nhóm ngành thiết kế và xây dựngcác bạn khi đặt câu hỏi nhớ nêu cụ thể về học lực bản thân tài chính gia đình khu vực dự thi ngành nghề yêu thích càng chi tiết càng tốt nhé
0,mình chia sẻ lại cho các bạn tham khảo các trường còn đợt xét học bạ tăng cơ hộiiiiiiiicó 1 số trường ok phết nhé
0,thông tin tuyển sinh ở 2020dưới đây là danh sách những trường đại học học viện ở hà nội vẫn
1,em 2003 có ý định theo học quản trị kinh doanh ạ anh chị tư vấn giúp em được không
0,bài viết chỉ mang tính chất chia sẻ về ngành kỹ thuật đóng tàu cơ khí hàn khuyến cáo chỉ dành cho các bạn nam đang tìm hiểu các ngành liên quan cuối
0,em cần tư vấn ạem chuẩn bị vào lớp 12 vì một số lí do nên em sẽ truyển trường ạ theo mọi người thì giữa trường tốt và trường thường thì em nên học trường nào ạ sức học của em ở mức khá điểm trung bình tổng các môn của em từ 8 chấm trở lên nhưng vì bị khống môn toán nên bị khá ạ trường em đang theo học so với 2 trường chuẩn bị chuyển thì nó nằm chính giữa í ạtrường tốt thì nhỉnh hơn trường em còn trường thuờng thì mức dưới trường em tí ạ
0,các bạn anh chị cho em hỏi nếu hồ sơ online yêu cầu ảnh chụp học bạ mà mình thay vào đó bằng bảng điểm ở cổng thông tin thì có được không ạ em đã hỏi ban tuyển sinh nhưng chưa được trả lời ạ
1,cho em xin ít thông tin về ngành công tác xã hội ạ
0,em rất thích ngành nhật bản học và trung quốc học anh chị có thể tư vấn giúp em về cơ hội việc làm của hai ngành này được không
1,cho em hỏi với tình hình này 2022 học ngôn ngữ trung còn có tương lai không ạ
0,hôm nay có kết quả thi cấp ba cháu đỗ chuyên ở cả hai nguyện vọng ngữ văn và sinh học lúc đầu cháu có ý định chuyên văn vì cháu rất thích ngành luật nhưng gia đình ai cũng muốn cháu chuyên sinh để học y mọi người cho cháu xin ý kiến cháu nên học khối định hướng ngành nào để có thu nhập cao ạ
0,em sinh năm 2003 em đang phân vân giữa quản trị khách sạn với quản trị du lịch và lữ hành và ở khu vực phía bắc thì trường nào học ổn áp ạ mọi người cho em xin ít kinh nghiệm và review với ạ em cám ơn
1,mọi người ai học ngành kinh doanh quốc tế rồi cho em xin ít review ạ em cảm ơn nhiều ạ
0,em 2003 dự định học kinh tế nhưng khi em tìm hiểu thì kinh tế chia làm rất nhiều chuyên ngành các anh chị học trước có thể nhận xét định hướng giúp em nên chọn chuyên ngành nào ra trường dễ xin việc được không ạ thật ra hiện tại em còn chưa biết học khối nào luôn ấy ạ
0,em hiện đang quan tâm nhóm ngành báo chí truyền thông quan hệ hệ công chúng mọi người cho em hỏi trường nào ở tphcm đào tạo các ngành đó mà học phí ok không đắt lắm được không ạ em tính thi vào ussh mà điểm cao quá nên đang tìm các phương án dự phòng khác ạ
0,cho em hỏi đại học kinh tế thành phố hcm tuyển sinh bằng hình thức xét học bạ như thế nào ạ
0,các anh chị ơi cho em hỏi ngành kinh doanh quốc tế và ngành kinh tế đối ngoại khác nhau như thế nào ạ cảm ơn mọi người nhiều ạ
0,em sinh năm 2003 có ý định học marketing hoặc quản trị kinh doanh cho em hỏi ở hà nội có trường nào ổn ở gần trung tâm không ạ plus fpt xét học bạ nhưng xa trung tâm quá ạ huhu
0,em thi khối a1 nhưng bị mất gốc anh giờ em lớp 12 lấy lại có kịp không ạ
1,em dự định học cao đẳng lập trình máy tính hướng này có ổn không ạ
0,em chào anh chị ạ em nghe nói quản trị kinh doanh h thất nghiệp rất nhiều có đúng là như vậy không ạ em cảm ơn
0,cho em hỏi khi thi ngành kinh doanh quốc tế có được miễn thi môn tiếng anh vì em có bằng ielts 6 5 em thấy trên mạng ghi là một số trường sẽ không tính điểm vậy đó là trường nào ạ giải thích giúp em với em cảm ơn
0,anh chị ơi cho em xin hỏi ngành quản trị kinh doanh và kinh doanh quốc tế nó khác những gì ạ giữa quản trị kinh doanh ueh và kinh doanh quốc tế tđt thì nên chọn cái nào aaaa
1,mọi nguoi co ai biet ve hướng nghiệp á âu không ạ ai biết cho em xin ít chia sẻ đi ạ em cảm ơn ạ
0,mọi người cho em hỏi thi thpt quốc gia môn anh có kĩ năng nghe và nói không ạ
0,cả 2 options dưới em đều rất thích mà năm ngoái lại có mức điểm chuẩn same same nhau theo mọi người thì đâu sẽ là ngành dễ kiếm việc tự đi lên bằng thực lực và mức lương cao hơn ạ
0,anh chị ơi cho em hỏi giữa ngành du lịch với ngành quản trị du lịch lữ hành có điểm gì khác nhau ạ
0,anh chị cho em hỏi nên học ngành quản lí du lịch và lữ hành thì đi trường nào giá ổn mà tốt vậy
0,em chào anh chị em là một người thích kinh doanh buôn bán làm chủ và hướng ngoại thích học những môn tự nhiên cần tư duy logic thì em hợp với marketing hay quản trị kinh doanh vậy ạ em cảm ơn nhiều ạ
0,rất rất mong được mọi người giúp đỡ gần đến ngày thi em mà điểm em không ổn nên em áp lực quá mọi người cho em hỏi thời điểm hiện tại còn trường đại học nào ở hà nội xét học bạ đào tạo ổn không ạ học bạ 3 năm học sinh giỏi em học khối d ban xã hội ạ nghành em hướng khách sạnmaketingtổ chức sự kiệnquan hệ công chúng ạ
0,mình là 2002 không biết có ai quan tâm đến chương trình liên kết của những trường đại học không ạ nếu có comment cho mình với nha
0,dạ chào cô chú anh chị chào mọi ngườiem 2003 muốn học ngành marketing hoặc quan hệ công chúng truyền hông thì không biết nên học trường nào ở tphcm nổi bật ạ
0,xin chào các bạn hiện tại mình nhận thấy trong group có rất nhiều câu hỏi về vấn đề chọn ngành học hoặc định hướng nghề nghiệp trong tương lai tâm lý chung của đa phần câu hỏi không phải là muốn tìm hiểu về ngành nghề mà chủ yếu là đang phân vân chưa biết mình thật sự đam mê lĩnh vực nào và có thật sự phù hợp với nó hay không chính vì lẽ đó mà công ty sinh trắc vân tay bên mình đang mong muốn góp một phần giá trị cho cộng đồng bằng dự án chân thiện mỹ nhằm giúp nhữ
0,em chào mọi người ạ hiện em đã chọn được mình học kinh tế và phân vân 3 ngành tài chính ngân hàng kế toán quản trị kinh doanh
0,các anh chị đi trước cho em hỏi với học makerting thì lương tầm bao nhiêu 1 thág vậy và ở hà nội thì nên vào trường nào ạ
1,anh chị nào đã từng hoặc đang học ngành cntt thì cho em xin ít review về ngành này với ạ em cảm ơn mọi người nhiều
1,anh chị cho em hỏi là học ngành quản trị kinh doanh ở đại học thủ dầu một có tốt không ạv
0,giữa ngành tài chính ngân hàng của đại học kinh tế tphcm ueh và ngành marketing của đại học tài chính marketing ufm thì mình nên học ở đâu ạ em thích cả hai và thật sự không biết ngành nào có triển vọng hơn ạ
0,anh chị khoá trước cho em hỏi với ạ nếu cùng 1 ngành học thì nên học đại học mở đại học nội vụ hay đại học công đoàn ạvề cơ sở vật chấthọc phí
0,cho em hỏi trường nào xét học bạ ngôn ngữ anh ạ ở thành phố hồ chí minh càng tốt ạ
0,anh chị ơi em muốn hỏi về nguyện vọng trong kì thi thptqg nếu em thi xong biết điểm có được đổi thứ tự nguyện vọng lên không ạ
0,ở sài gòn nên chọn trường ngành nào dưới đây ạaaaaa
0,cho em hỏi là chọn chương trình đại trà tại vì học phí rẻ hơn hay còn lý do nào khác để chọn đại trà ạ
1,mọi người cho em hỏi là em muốn học kinh doanh xuất nhập khẩu và em có nên học cao đẳng không ạ cơ hội việc làm trong ngành này với tấm bằng cao đẳng có cao không ạ em xin cảm ơn ạ
0,em muốn thi khối d4 của đại học hanu nhưng em đang thắc mắc hình thức thi tiếng trung như thế nào có anh chị nào đi trước giúp em giải đáp với ạ
0,em đã đăng kí 2 nguyện vọng ngành quản trị kinh doanh chuyên ngành marketing ở học viện ngân hàng hà nội ngành ngôn ngữ anh của trường đại học ngoại ngữ thái nguyên
1,em đang có dự định muốn vào ngành ngôn ngữ nhật trường đại học ngoại ngữ đhqghn anh chị có thể tư vấn giúp em về ngành đó không ạ
1,em có ý định thi khối a ngành ngôn ngữ anh mọi ngườig thấy đại học ngoại thương ổn không ạ
1,em trai đang có ý định học cao đẳng an ninh mạng ispace nhưng mình không rành lắm về trường này mọi người cho mình xin tí review về trường này với ạ love all
1,cho em xin một vài review về đại học thăng long nói chung và ngành ngôn ngữ trung nói riêng nữa ạ cảm ơn mọi người nhiều
0,em 2003 thi khối a1 có ý định chọn ngành thiết kế nội thất nhưng không có trường nào có ngành này thi khối a1 cả nên em thi vào ngành khác sau khi đỗ em chuyển sang ngành tknt thì có đc không ạ nếu chuyển đc ngành thì bao giờ sẽ chuyển đc ạ vì em sợ sẽ bị ra trường chậm so với các bạn vì hiện tại em không biết vẽ nên em định lên đại học sẽ đi học lớp vẽ cho tknt thì có muộn quá không ạ em thấy học lệch khối như thế sẽ rất thiệt cho kiến thức môn chính là môn vẽ nhưng em rất thích
0,xin in4 bạn nào có ý định đi học thể dục thể thao
0,chào mọi người 1 em muốn thi ngành quản trị kinh doanh ngoại thương và đại học kinh tế
0,quản trị kinh doanh hay kinh doanh quốc tế ạ em thấy 2 ngành gần như nhau em cảm ơn
0,xin chào các anh chị không vòng vo em xin phép vào vấn đề chính luôn hiện tại em đang học dở du học được 2 năm nhưng do điều kiện học tập và chi phí không còn phù hợp nên em quyết định bỏ dở giữa chừng và về vn học
0,tình hình ôn thi các bạn 2002 thế nào rồi 2002colen
1,hiện tại em đang có định hướng học ngành tài chính ngân hàng tại học viện ngân hàng anh chị cho em hỏi là sau khi học xong thì phần trăm có việc làm cao hay không ạ
0,có ba ngôn ngữ nào đăng kí xét tuyển bằng hình thức trực tuyến không ạ cho em nhờ với ạ
0,mọi người cho em hỏi học viện quân y lấy khoảng bai nhiêu điểm khối b ạ
0,anh chị cho em hỏi khối c00 thì học được ngành quản trị ở trường nào ạ hiện tại em thấy có trường đại học nội vụ hà nội có thôi em muốn tham khảo thêm các trường khác tại khối c khó chọn ngành quá ạ
0,em 2002 muốn học công nghệ thông tin hoặc kĩ thuật ô tô or mấy cái liên quan tới máy tính điện tử vì hơi có chút đam mê không biết học ngành nghề nào để có lương cỡ 1x2x 1 tháng các anh nhỉ
0,mọi người ơi cho em xin các trường có xét học bạ cho ngành quản trị kinh doanh tại hà nội với ạ em cảm ơn mọi người rất nhiều
0,có bao nhiêu trường công lập ở trên hà nội đào tạo ngành quản trụ kinh doanh mà lấy từ 15 18 điểm ạ có ai biết không cho em hỏi
0,mọi người ơi tôi học ban a mà lại muốn học các ngành liên quan đến truyền thông thì có ngành nào trường nào phù hợp không ạ tại vì tốt học dốt văn nên không theo ban d được các bác tư vấn giúp tôi với ạ
1,mọi người chi em xin review về ngành công nghệ chế tạo máy đc không ạ em học xong ngành này thì em có cơ hội phát triển về sau không ạ em cám ơn
0,giả sử mình xét học bạ trúng tuyển trường a và đã xác nhận nhập học từ trước nhưng khi thi thpt qg mình đk nv1 trường b và đủ điểm và đậu thì mình học trường nào ạ xin cảm ơn nhiều
0,gửi các tiền bốiem đang là học sinh lớp 12mặc dù đã xác định được ngành học của mình nhưng em không biết là nên học ở tp hcm hay là hà nộicác tiền bối có thể tư vấn cho em về điều kiện sống môi trường khả năng phát triển ở hai nơi được không ạem xin cảm ơn
0,chào anh chị cho em hỏi tài chính ngân hàng nên học văn lang hay đại học ngoại ngữ tin học tp hcm ạ em cảm ơn
0,em đang phân vân ngành công nghệ thông tin với ngành kế đồ hoạ ngành thiết kế đồ hoạ có nhất thiết mình phải vẽ thật đẹp không ạ mọi người tư vấn giúp em nên học theo ngành nào em cảm ơn mọi người nhiều ạ
1,em chào mọi người cho em hỏi nghề giáo viên có ổn không ạ
0,mọi người ơi cho em hỏi là học ngành luật kinh tế thì trường nào là ổn nhất về học phí chất lượng giảnh dạy chất lượng đầu ra trong các trường dưới đây ạ em 2003 đang tronh giai đoạn lựa chọn ngành nghề và trường nên em thâth sự cần sự giúp đỡ của mọi người ạ phiền mọi người bỏ ra 1 ít thời gian giúp em với em cảm ơn ạ
1,học kỹ thuật phần mềm có ổn với nữ không ạ em muốn học thiết kế game nhưng không biết gì về máy tính hết ạ
1,em 2003 dự tính năm sau học kinh tế anh chi nào học ngành kinh tế cho em xin ít review với
0,cho em hỏi lúc em viết hồ sơ thi em có viết vô ô ngoại ngữ là n1 tức là thi môn tiếng anh nhưng em có bằng ielts 6 0 rồi vậy lúc em đi thi tiếng anh tốt nghiệp xong thì điểm thi đó có tính vô điểm tốt nghiệp không ạ hay vẫn được quy ra 10d tiếng anh tốt nghiệp do có bằng ielts ạ
0,anh chị cho em hỏi là ngành cơ khí kỹ thuật ô tô thì trường nào thích hợp và có hợp tác với các hãng xe ở việt nam ạ
0,cho em hỏi là có nhìu người nói học ngành công nghệ thông tin tiếp xúc nhìu với máy tính dễ bị cận
1,mọi người tư vấn cho mk về ngành kỹ thuật điều khiển và tự động hóa đc không ạ
0,ai cho em hỏi muốn có 1 trang trại thì học trường nào học phí trường ra sao ạ
0,các bạn 2002 ôn thi đến đâu rồi nhỉ các bạn có biết chương trình du học hàn quốc hoặc du học hq kết hợp với châu âu mỹ nào không ạ mình đang muốn tìm hiểu ạ các bạn có quan tâm lo lắng thì comment bên dưới nhé mình cảm ơn ạ
1,anh chị cho em hỏi là trường huflit đào tạo ngành ngôn ngữ ổn không ạ
0,mọi ngườig nghĩ nên học ngôn ngữ tq của ou hay sp hóa dạy hóa bằng ta của hnue ạ em thích 2 ngành này cực nên phân vân
0,chào mọi người ạ ở nha trang có trường đại học nào có ngành giao thông vận tải hoặc ngành luật hàng hải mọi người tư vấn giúp em với em cảm ơn nhiều ạ
1,cho em xin ít review ngành cntt trường hutech với ạ
0,mình có tài liêu về java php cho các bạn quan tâm về lập trình có ai cần không nhỉ
1,mọi người cho em ít review về ngành cntt được không ạ học những gì có khó không ạ
0,các bạn anh chị cho em hỏi học ngành thương mại quốc tế thì nên học chương trình liên kết quốc tế hay chỉ cần học hệ chính quy tại các đại học là được ạ
0,ngành cntt dễ xin vc hơn ạ em đag có rất nhìu câu hỏi về vc lựa lựa chọn 2 ngành trên ai rảnh tư vấn giúp em với ạ
0,mọi người ơi cho mình hỏi là mình muốn theo ngành quản trị khách sạn thì nên học cao đẳng trường nào ổn ở tphcm ạ
0,em đang có ý định học ngành ngôn ngữ trung quốc trường saigonact mà trong tình hình này không biết nó hợp lý không ạ mong anh chị giúp em tư vấn ạ
0,xin chào các bạn mình là sinh viên năm nhất đã trải qua kì thi đại học đã học ở giảng đường đại học nên mình nhận ra rất nhiều điều mà khi là một học sinh lớp 12 mình không biết nếu mình được trở lại lớp 12 mình sẽ suy nghĩ kĩ hơn về việc chọn ngành học mình sẽ hỏi các anh chị đi trước sẽ hỏi các thầy cô vì đại học thật sự không giống như những gì mình đã khi còn học lớp 12 bạn bè của mình có những đứa học xong một kì đã nghỉ có những đứa chuyển ngành mình không n
0,mình muốn học công nghệ oto thì học trường nào ở tphcm vậy mọi người
0,học luật trường nào tốt nhất để chọn một trường đào tạo ngành luật chất lượng tại việt nam thì theo mình có 4 yếu tố nên xem xét như sau yếu tố về thâm niên kinh nghiệm
0,em thấy ngành quản trị khách sạn rất thú vị và cũng định chọn ngành này
0,xin chào mọi người các anh chị đi trước cho em hỏi chút xíu ạ khối d nếu tầm 16 17đ thì ngành tài chính ngân hàng và quản trị khách sạn nên học trường nào ở ngoài bắc ạ em xin cảm ơn ạ
0,em chào mọi người ạ em 2002 nhưng mà vẫn chưa biết nên học nghành nào ạ em ở tphcm em tính dô quản trị khách sạn nhưng em là người hướng nội ít nói và thích làm việc văn phòng em thì học tầm khá trung môn toán lý hóa ạ anh văn thì em trung bình và em đang khắc phục môn anh để tốt hơn ạ em hoang mang lắm vì vẫn chưa biết mình thực sự theo nghành gì ạ và trường nào mong mọi người các anh chị cô chú giúp em ạ chứ tuần sau em đi học lại rồi ạ thầy cô cũng phát giấy nguy
0,em chào anh chị ạ em tên là thảo hiện nay em đang là học sinh lớp 12 nhưng em vẫn chưa biết phải chọn trường gì ạ anh chị có biết trường nào có xét học bạ ngành quản trị khách sạn không ạ anh chị có thể giới thiệu giúp em được không ạ
0,chào anh chị anh chị cho em hỏi em định học bên du lịch khách sạn thì học trường nào vậy ạ
0,em chào tất cả mọi người ạ em là 2002 thành viên mới của group ạ hiện tại em đg tìm hiểu về trường và ngành mà còn hơi mông lung nên em xin trình bày chút về bản thân với mong muốn các anh chị cô chú trong group giúp đỡ em với ạ dạ nghe hơi tự tin chút nhưng ns về học thì em học cũng ổn ạ riêng tiếng anh thì em tầm trung thôi nhưng em sẽ cố gắng và em tin là em làm đươc ạ em đc ưu tiên 25 điểm ạ và mục tiêu em quyết tâm cố gắng thi là tầm đc hơn 23 điểm ạ về kĩ năng thì t
0,gần đến ngày thi rồi mà em vẫn rất mông lung trong việc chọn ngành chọn trường không biết nên học ngành gì cho đúng các bạn anh chị trong nhóm có thể tư vấn cho em một số ngành nghề sau ra trường dễ kiếm việc làm với ạ em cảm ơn nhiều em học khối d học lực khá em thích kiểu bên kinh tế như kế toán quản trị khách sạn và em muốn học ở kv miền bắc ạ
0,mọi người ơi cho em hỏi điểm em như này thì vô được trường nào ạ em rất có hứng thú với ngành quản trị khách sạn
0,mọi người cho em hỏi là quản trị khách sạn thuộc ngành quản trị kinh doanh hay ngành du lịch lữ hành ạ
0,quản trị kinh doanh và quản trị khách sạn thì ngành nào sau này đi làm dễ thăng tiến hơn ạ em nên chọn ngành nào ạ em không thích ngồi văn phòng ạ
0,các anh chị ơii em có hứng thú về ngành quản trị khách sạn và đang trong công cuộc tìm trường các anh chị cho em xin ý kiến về cái trường đại học với ạ với điểm từ 20 23 ạ
1,mọi người có ai học ngành quản trị khách sạn có thể cho em xin review về cơ hội việc làm cơ hội phát triển
1,chào mọi người anh chị học rồi cho em hỏi ngành quản trị du lịch với quản trị khách sạn nhà hàng cái nào ổn hơn về cơ hội việc làm ạ
0,em định đăng kí vào nghành quản trị khách sạn của trường đại học công nghiệp mà mọi người review chất lượng đào tạo giúp em với
0,em chào mọi người cho em hỏi là em tính vào ngành quản trị khách sạn nhưng mà em đc mấy anh chị đi trc bảo là ra trường chỉ có làm 1 là bưng bê 2 là buồng phòng khó vào đc những vị trí khác ạ nên em tính chuyển sang ngành quản trị du lịch và lữ hành đc không ạ
0,mọi người cho em hỏi muốn học nhà hàng dịch vụ thì thi quản trị du lịch lữ hành hay quản trị khách sạn ạ
0,em sinh năm 2002 đang muốn theo ngành quản trị kinh doanh và quản trị du lịch và lữ hành quản trị khách sạn em ở khu vực hà đông hà nội vậy em nên thi trường với mức điểm 18 20đ của khxh ạ mong anh chị tư vấn giúp em ạ
0,chào các anh chị em 2002 năm nay thi đại học hiện tại em đang rất khó khăn trong việc tìm hiểu và định hướng mong anh chị cô chú giúp đỡ và tư vẫn giúp em nên học nghành nào tốt ổn định và có mức thu nhập cao em làm bài trắc nghiệm bản thân thì có kết quả em thuộc nhóm tính cách s xã hộingoài hình của em ổn 1m62 50kg mặt ưa nhìn giao tiếp ổnhướng trung chứ không hẳn hướng ngoạiưa thích những công việc thực tế thực hành và sớm có thể làm ngay quản trị khách sạn em đang theo khối
0,dạ cho em hỏi giữa quản trị khách sạn và cntp thì ngành nào có cơ hội việc làm cao hơn ạ
0,em đang phân vân giữa ngân hàng và quản trị khách sạn với ngân hàng thì em sợ tìm việc sẽ khó còn quản trị khách sạn theo em tìm hiểu thì thời gian của những người làm quản trị khách sạn sẽ ít được nghỉ hơn và còn có ít khả năng thăng chức em chưa biết mức lương trung bình giữa nhân viên trong khách sạn và ngân hàng khi mới vào là bao nhiêu ạ mong mọi người có thể hướng dẫn cho emem cảm ơn
0,xin thông tin về học phí của các trường tuyển sinh ngành quản trị khách sạn khu vực miền nam em cảm ơn ạ
0,anh chị có thể cho em xin ý kiến về ngành quản trị khách sạn thì nên học trường đại học kt tphcm hay đại học tài chính marketing vậy ạ giữa hai trường này thì trường nào sẽ nghiên về thực hành nhiều hơn ạem cảm ơn và mong nhận đc câu trả lời từ anh chị
1,em chào mọi người ạ mọi người có thể cho em xíu review về ngành quản trị khách sạn không ạ cơ hội việc làm chương trình học như thế nào và khi đi làm thì mình sẽ làm ở những bộ phận nào của khách sạn ạ em dự định sang năm sẽ thi vào ueh em cảm ơn nhiều ạ
0,ở đây có ai học ngành điều dưỡng với quản trị khách sạn rồi cho em xin ít review với ạ nhất là điều dưỡng học có khó không ạ em học ban d không giỏi hoá sinh không biết có học được không em ở miền bắc
1,có anh chị nào học đại học mở không ạ em muốn anh chị tư vấn cho em về nghành quản trị khách sạn ạ
0,cho em hỏi em không giỏi tiếng anh thì có học dc ngành quản trị khách sạn không ạ nếu với quản trị khách sạn với quản trị kinh doanh thì ngành nào có cơ hội việc làm cao hơn ạ em cảm ơn
0,chào mọi người mọi người có thể tư vấn giúp em những trường có khoa quản trị khách sạn 21 22đ ở miền bắc không ạ mọi người gợi ý giúp em 1 số ngành có triển vọng có nhiều cơ hội kiếm việc với ạ năm nay thi đại học nhưng em vẫn chưa biết nên ghi nv như nào
0,điểm em như vậy xét quản trị kinh doanh hay quản trị khách sạn được không ạ
0,chuyện là em sắp sửa thi tốt nghiệp và đại học bản thân em thì rất thích ngành khách sạn thích ngay từ lúc nhỏ mỗi lần đi chơi cứ dòm ngó khách sạn mãi thôi nhưng đến khi gia đình em hỏi về dự định tương lai cũng như chọn ngành đại học nghe bảo em chọn quản trị khách sạn lại ngăn cản ban đầu một vài người thì em còn vững tâm nhưng hầu như ai cũng cản chỉ trừ bạn bè ủng hộ em thì chưa trải nghiệm chỉ có yêu thích chứ cũng chưa hiểu hết về ngành này em cũng biết dịch covid 19 vừa rồi
1,mọi người cho em hỏi học cntt ở trường đại học công nghiệp tphcm có ổn không
0,anh chị cho em hỏi hôm nọ in nguyện vọng ra giấy nhưng em không có nv mặc dù đăng ký 3 cái lận cái này có ai gặp chưa ạ
0,e năm nay đang học 12 và chuẩn bị thi nhưng em vẫn chưa xác định được ngành em thích bên máy tính các thứ em tính học cntt nhưng sợ học không nổi em đang tính học cao đẳng mọi người tư vấn cho em một ngành phù hợp với ạ
0,xin chào ạ em 2002 muốn tìm trường em thích ngành công nghệ thông tin và kỹ thuật oto nhưng em không tìm được trường phù hợp anh chị nào hiểu biết về trường đại học ở hồ chí minh tư vấn em với ạ
1,mọi người anh chị cho em hỏi có nên học ngành công nghệ thông tin không ạ em cảm ơn mong mọi người tư vấn giúp em
1,mọi người ơi cho em hỏi ai đang hc cntt ở trường đại học sư phạm tphcm cho mình xin 1 ít review với
1,em chào anh chị em định hướng chọn ngành công nghệ thông tin không biết nên chọn trường nào xin cho em chút ý kiến
0,em đang phân vân giữa 3 ngành ngôn ngữ anh quản trị nhân lực và logistic em muốn chú trọng đến 1 ngành để tập trung vào những môn đó mọi người cho em xin ý kiến về những vấn đề sau với ạ thu nhập thực tế chương trình học 
0,chào admin và các anh chj trong nhómem sinh năm 2002 năm nay tốt nghiệp thpt em đang có định hướng theo cntt nhưng lực học trung bình nên muốn tìm 1 trường cao đẳng để theo học em có tìm hiểu thấy ngành iot giờ đang hot trend nhưng không hiểu nhiều về ngành này em thấy ngành này bên fpt đang có chương trình đào tạo mà lại xét học bạ nữa mọi người tư vấn giúp em với ạ em cảm ơn anh chị nhiều ạ
1,cho em hỏi ngành đông phương học ra trường kiếm việc làm dễ không ạ
0,cho em hỏi là sau khi thông báo điểm thi các trường đại học cũng báo điểm sàn thì bắt đầu được thay đổi nguyện vọng đến tầm bao lâu là chốt ạ thường thì đến bao giờ các trường mới chốt học sinh thông báo trúng tuyển ạ
0,chào mọi người em là nữ ạ sn 2003mọi người cho em hỏi học logistics thiên về hướng kinh tế thì trường nào ổn nhất mà mức giá tầm 18 tr ạ kv miền nam em có tìm hiểu trường đại học gtvt và đại học bách khoa nhưng ngành này chuyên về đào tạo kĩ sư logistics mà em là nữ nên nghĩ sẽ không phù hợp ạ em dự định sẽ thi khối d mức điểm tầm 25đ ạ em cảm ơn mọi người nhiều ạ
0,dạ em đang muốn thi vào ngành tài chính ngân hàng thì giữa trường ueh và uel thì trường nào được hơn ạ
0,mọi người cho em xin ý kiến về trường cao đẳng y dược và cao đẳng du lịch với ạ nên học trường nào hơn ạ và trường cao đẳng y nào oke nhất ạ mong các anh chị tv cho em ạ
0,chào mọi người em năm nay lớp 11 hiện bản thân em đang học khá tốt văn và anh em định sẽ bồi dưỡng thêm toán để thi khối d01 anh chị có thể tư vấn giúp em có những ngành nào không ạ em cám ơn
1,cho em xin ít review ngành  ngôn ngữ a trường đại học thương mại hn với ạ
0,thích hợp với các bạn 2002 nè nội dung chia sẻ về cách ôn luyện các ngày cận thi và trong khi thi nè
0,mọi người tư vấn giúp em với ạ em muốn học nghề hàn liệu có nên học 1khoá ngắn hạn khoảng 2 tháng nghề này hàn điện và hàn mig tại trung tâm hàn công nghệ cao qmc ở thanh trì hà nội không ạ liệu trung tâm đó chất lượng có tốt không có nên học ở đó không ai biết tư vấn giúp em với ạ em cảm ơn
1,dạ hiện em đang tìm hiểu ngành kĩ thuật hoá học ở đây có anh chị nào đã ra trường ngành này có thể cho em biết là ngành này sẽ làm những việc gì không ạ
0,cho em xin học phí và tên các trg đào tạo ngành công nghệ tt với ạ với chất lượng đầu ra tốt với ạ
1,anh chị bạn bè cho em xin review ngành cntt ở trường spkt và khoa học tự nhiên với ạ
0,chào mọi người ạ hiện tại em đang lớp 11 năm sau 12 em có đam mê với môn tin và công nghệ thông tin anh chị nào học cntt có thể tư vấn giúp em không em ở miền nam và có dự định thi vào sài gòn ạ em là nữ
0,chào mọi người ạem muốn học cntt ở hcm thì nên chọn trường nào hợp lí ạđk không cao ạ
0,mọi người có thể tư vấn cho em các ngành khối a được không ạ lực hok của em loại khá không bt nên chọn ngành nào cho phù hợp nhờ mọi người chỉ dẫn em cảm ơn
0,nếu học nganh cntt mà không học ở bk hay vnu thì còn lựa chọn nào tốt ạ
0,anh chị em là ng ít nói ngại giao tiếp em là ng hướng ngoại em không hoàn toàn yêu thích nghề nào thì nên chọn nghề nào để phù hợp trc hết là với tính cách của em ạem cảm ơn
0,em có định hướng thi ngành kế toán nhưng chưa biết chọn trường nào để học chuyên ngành này ạ is vnu ueb vnu aoftmu em học toán mức bình thường thì có nên học ngành này không ạ và em cũng phân vân có nên thi kế toán không vì nhiều người nói ngành này tương lai thừa nhân lực dễ bị thất nghiệp mong được mọi người chia sẻ ý kiến em cảm ơn ạ
0,em tính đi theo ngành cntt học ở hcm mọi người thấy em nên đi theo trường nào thì tốt mà ra trường dễ xin việc làm có ai bt không giúp em với ạ
0,mọi người các anh chị ai làm trong ngành it cho em hỏi một vài câu hỏi được không ạ em là nữ năm sau định thi cntt nên có vài điều muốn được chỉ bảo 1 em nghe nói làm cntt là thường hay thức đêm rất nhiều có đúng không ạ tại em là nữ và sức khỏe không tốt nên không được ngủ quá khuya không biết điều này có ảnh hưởng gì không ạ
0,mọi người ơi cho em hỏi ở hà nội có trường công nào ngành công nghệ đa phương tiện lấy điểm thấp không ạ
0,anh chị em đi trước cho em hỏi em đam mê ngành máy tính có người tư vấn học cao đẳng an ninh mạng ispace anh chị góp ý dùm em nên học hay không ai
0,mọi người cho em hỏi học bên toán hóa anh ở đại học ngoại thương thì có nghành kinh tế đối ngoại không ạ tư vấn giùm em đi bên tổ hợp toán hóa anh ở đại học ngoại thương này thì có những ngành gì với ạ em xin cảm ơn
1,mọi người có thể review cho em về ngành logistics và quản lí chuỗi cung ứng được không ạ
0,mng ơi cho em hỏi nên học ngành ngôn ngữ anh của đại học ngoại ngữ đhqghn và đại học ngoại thương ạ và cho em hỏi sự khác biệt giữa chương trình đào tạo của trường này với ạ em cảm ơn
0,mọi người ơi cho em hỏi là giữa ngôn ngữ nhật ngôn ngữ hàn và ngôn ngữ trung thì nên chọn cái nào vậy ạ tại em nghe nói tiếng nhật học sẽ khó hơn nhưng sau này cơ hội việc làm sẽ nhiều hơn í ạ
0,dạ mọi người ơi giữa đại học ngân hàng ngành tài chính ngân hàng và đại học quốc tế thì em đang phân vân không biết chọn ngành nào ấy ạ
0,các anh chị tư vấn cho em ngành truyền thông với cả ngành quan hệ công chúng thì sẽ học về những cái gì với cả có trường nào ổn về ngành này với ạ em cảm ơn anh chị ạ
1,mọi người review cho em ngành công nghệ thông tin với ạ và khmt và ktmt là gì mình học về gì vậy mọi người
0,anh chị ơi cho em hỏi là nên học kdqt ở tdt hay ktqt ở buh vậy ạ với 2 chuyên ngành này khác nhau nhiều không ạ 
1,cho em hỏi là học quản trị kinh doanh học trường công nghiệp tp hcm có được không ạ
0,cho em hỏi ở đây có anh chị nào học ngôn ngữ và đồng thời học thêm nghành kinh tế không ạ cho em định hướng và hướng đi là em nên làm gì từ bây giờ ạ với lại ngành ngôn ngữ nào sẽ có triển vọng hơn và chuyên ngành kinh tế nào có thể học kết hợp với ngành ngôn ngữ ạ em cảm ơn nhìu
0,mng cho em hỏi học marketing có học nhiều về tiếng anh và đòi hỏi phải giỏi tiếng anh không ạ cho em hỏi là học ngôn ngữ trung thì ra làm marketing đc không ạ hay phải đi đúng ngành học mới đc
0,chào mọi người 1 em muốn thi ngành quản trị kinh doanh nên có thể cho em xin một số trường đào tạo tốt ở tphcm không ạ em đã biết tới ngoại thương và đại học không tế 2 em muốn thi ngành d07 thì ngoài qtkd ra còn ngành nào có cơ hội làm việc tốt không ạ em tốt tiếng anh nên muốn làm việc ở nước ngoài hoặc công ty nước ngoài 3 nếu vẫn là qtkd thì em nên chọn ngành này hay kinh doanh quốc tế ạ em thấy 2 ngành gần như nhau em cảm ơn
1,em dự tính sẽ học ngành logistics supply chain management anh chị nào có kinh nghiệm hoặc hiểu biết về ngành trên có thể tư vấn cho em với ạ 
1,em muốn tìm hiểu về khoa học máy tính ạ em hi vọng các anh chị tư vấn giúp em ạ
0,các anh chị ơiii cho em hỏi em là một đứa sống khá khép kín không giỏi giao tiếp học môn tự nhiên không tốt cho lắm nên em thi ban xã hội nhưng em học tốt môn anh văn liệu em lựa chọn ngành thương mại điện tử có phù hợp không ạ cảm ơn anh chị nhiều ạ
1,em đang phân vân giữa quản trị kinh doanh và marketing anh chị có kinh nghiệm cho em xin tư vấn với ạ
0,học ngành du lịch thì kể cả đại học hay cao đẳng có phải học toán không các anh chị 
0,cho em hỏi kinh tế đối ngoại và quan hệ quốc tế giống và khác nhau như thế nào ạ
1,cho em hỏi ở đây có anh chị nào học ngôn ngữ không ạ cho em định hướng và hướng đi em nên làm gì từ bây giờ
0,marketing clc ufm đào tạo tốt không ạ cho em xin review về học phí và chất lượng đào tạo marketing clc ufm với ạ
1,mọi người cho em nhận xét về ngành ngoại ngữ ạ
1,mọi người cho em hỏi học quản trị kinh doanh quan hệ công chúng có ổn không ạ
0,em đang phân vân giữa 2 ngành quản lý nhà nước và dược ạ
0,mn ơi ngôn ngữ anh ngôn ngữ hàn ngôn ngữ trung cái nào cũng thích hết thì nên chọn cái nào nhất ạ với lại em nghe nói học ngôn ngữ hàn hiện nay có nhiều triển vọng thị trường rộng mở nhiều việc làm hơn nhiều tiền hơn khi học tiếng trung có phải vậy không ạ
1,em đang muốn xin ít review về ngành truyền thông đa phương tiện em cảm ơn
1,em có định hướng học logicstic ở trường đại học tài chính maketing có anh chị nào là sinh viên của trường cùng ngành tư vấn cho em 1 tí được không ạ em cảm ơn nhiều
1,học ngôn ngữ anh ở đại học bà rịa vũng tàu ổn không ạ em xin ý kiến mọi người ạ
0,mọi người cho em hỏi là em đang học lớp 12 và muốn đăng kí đại học hệ vừa học vừa làm cụ thể là ngành tài chính ngân hàng ở buh thì em cần điều kiện gì và cách thức đăng kí hay xét tuyển như thế nào ạ
0,marketing học uel thì ổn không ạ với lại trường có xét học bạ không ạ
1,xin chào anh chị ạ anh chị có thể cho em xin review về ngành thương mại điện tử được không ạ và đầu ra ngành này công việc sao ạ em cảm ơn
0,xin chào mọi ngườig ạ em có nguyện vọng đăng ký trường đại học ngoại ngữ đhqg hà nội ulis mọi ngườig có thể cho em một chút thông tin của trường vì dụ như học phí và môi trường ở đó được không ạ và em cũng không biết cách tính điểm của trường là như nào
0,dạ em xin chào mọi người cho em hỏi em đang phân vân ngành ngôn ngữ nhật nhật bản học nên học trường đại học mở hcm hay huflit ạ với cho em xin thêm vài trường có đào tạo ngành này tốt học phí cỡ 40tr đổ xuống ạ em cảm ơn ạ
0,em học ngôn ngữ trung đang phân vân không biết chọn giữa uef hufi hay văn lang mong mọi người tư vấn giúp em em cám ơn nhiều ạ
0,dạ anh chị cho em hỏi ngành luật kinh tế thì trừ uel ra thì trường nào đào tạo tốt và cho em xin ít review với ạ
1,mọi người review giúp em ngành kinh doanh quốc tế được không ạ
0,mọi người ơi cho em hỏi học kinh doanh quốc tế kinh tế quốc tế ở tp hcm thì nên đặt mục tiêu vào đại học kinh tế luật hay đại học kinh tế ạ
1,cho em hỏi là ngành kinh doanh quốc tế ra trường cơ hội việc làm như thế nào ạ
0,cho em xin review về 2 trường này với ạ và em học quản trị khách sạn thì trường nào tốt hơn ạ
1,em xin review ngôn ngữ hàn với hàn quốc học với ạ mông lung quá ạ
1,có anh chị nào đang học ngành qhcc pr tổ chức sự kiện của trường cao đẳng fpt có thể cho em xin ít thông tin về ngành này cũng như trường này dc không ạ em cảm ơn ạ
0,em là hs lớp 12 ạ cho em hỏi không biết nhiều về lập trình có học được khoa học dữ liệu không ạ
0,ngành quản trị nhà hàng dịch vụ ăn uống học hufi được không ạ
0,anh chị cho em hỏi hiện tại em đang phân vân hai ngành không biết chọn ngành nào anh chị cho em xin ý kiến quan hệ công chúng và truyền thông đa phương tiện ạ cho em xin về trường dạy hai ngành trên ạ em cảm ơn ạ
1,em mong muốn học kinh tế quốc tế không biết anh chị có thể tư vấn cho em được không ạ
0,mấy anh chị ơii cho em xin hỏi ngành y của trường nam cần thơ học ổn không vậy ạ với cả học phí này kia nữa và được xét học bạ không ạ
1,mọi người cho em xin ít review về ngành quan hệ công chúng giữa trường đại học văn lang và đại học kinh chính
1,em lớp 12 em muốn thi về truyền thông đa phương tiện thì nên thi trường nào ạ em muốn xin rì viu của các anh chị
0,các anh chị ơi cho em hỏi nếu học kinh tế quốc tế ở học viện ngoại giao sẽ thiên về ngoại giao và kinh tế còn học ở những trường như neu uef sẽ học sâu và đa dạng về kinh tế quốc tế hơn phải không ạ
1,khoa cntt truyền thông đại học đà nẵng như thế nào ạ mọi người cho em xin ít lời khuyên
